{
  "timestamp": "2026-03-10T13:52:32.583731",
  "query": "What is the next upcoming talk?",
  "engine_init_mcp_on_ms": 2168.306941000992,
  "engine_init_mcp_off_ms": 39.722176999930525,
  "personality_cold_ms": 0.7118030007404741,
  "personality_warm_ms": 0.33615399934205925,
  "search_people_ms": 3.2877110006666044,
  "search_people_partial_ms": 3.0745059993932955,
  "search_research_ms": 1.1681470004987204,
  "get_events_upcoming_ms": 4.863690999627579,
  "get_events_date_range_ms": 1.4747889999853214,
  "search_graph_ms": 1.1488910004118225,
  "gemini_import_and_client_ms": 22.744044001228758,
  "gemini_chat_create_cold_ms": 0.669581999318325,
  "gemini_chat_create_warm_ms": 0.07578199983981904,
  "full_pipeline_runs_ms": [
    3912.079260999235,
    3481.023971999093
  ],
  "full_pipeline_avg_ms": 3696.551616499164,
  "full_pipeline_min_ms": 3481.023971999093
}